-- phpMyAdmin SQL Dump
-- version 3.4.5
-- http://www.phpmyadmin.net
--
-- Host: localhost
-- Generation Time: Nov 29, 2015 at 05:05 PM
-- Server version: 5.5.16
-- PHP Version: 5.3.8

SET SQL_MODE="NO_AUTO_VALUE_ON_ZERO";
SET time_zone = "+00:00";


/*!40101 SET @OLD_CHARACTER_SET_CLIENT=@@CHARACTER_SET_CLIENT */;
/*!40101 SET @OLD_CHARACTER_SET_RESULTS=@@CHARACTER_SET_RESULTS */;
/*!40101 SET @OLD_COLLATION_CONNECTION=@@COLLATION_CONNECTION */;
/*!40101 SET NAMES utf8 */;

--
-- Database: `where`
--

-- --------------------------------------------------------

--
-- Table structure for table `cities`
--

CREATE TABLE IF NOT EXISTS `cities` (
  `id` int(11) NOT NULL AUTO_INCREMENT,
  `city_name` varchar(100) NOT NULL,
  PRIMARY KEY (`id`)
) ENGINE=InnoDB  DEFAULT CHARSET=latin1 AUTO_INCREMENT=119 ;

--
-- Dumping data for table `cities`
--

INSERT INTO `cities` (`id`, `city_name`) VALUES
(1, 'Alaminos City'),
(2, 'Angeles City'),
(3, 'Antipolo City'),
(4, 'Bacolod City'),
(5, 'Bago City'),
(6, 'Baguio City'),
(7, 'Bais City'),
(8, 'Balanga City'),
(9, 'Batangas City'),
(10, 'Bayawan City'),
(11, 'Bisilig City'),
(12, 'Butuan City'),
(13, 'Cabanatuan City'),
(14, 'Cadiz City'),
(15, 'Cagayan de Oro City'),
(16, 'Calamba City'),
(17, 'Calapan City'),
(18, 'Calbayog City'),
(19, 'Caloocan City'),
(20, 'Candon City'),
(21, 'Canlaon City'),
(22, 'Cauayan City'),
(23, 'Cavite City'),
(24, 'Cebu City'),
(25, 'Cotabato City'),
(26, 'Dagupan City'),
(27, 'Danao City'),
(28, 'Dapitan City'),
(29, 'Davao City'),
(30, 'Digos City'),
(31, 'Dipolog City'),
(32, 'Dumaguete City'),
(33, 'Escalante City'),
(34, 'Gapan City'),
(35, 'General Santos City'),
(36, 'Gingoog City'),
(37, 'Himamaylan City'),
(38, 'Iligan City'),
(39, 'Iloilo City'),
(40, 'Iriga City'),
(41, 'Isabela City'),
(42, 'Island Garden City of Samal'),
(43, 'Kabankalan City'),
(44, 'Kidapawan City'),
(45, 'Koronadal City'),
(46, 'La Carlota City'),
(47, 'Laoag City'),
(48, 'Lapu-Lapu City'),
(49, 'Las Pinas City'),
(50, 'Legazpi City'),
(51, 'Ligao City'),
(52, 'Lipa City'),
(53, 'Lucena City'),
(54, 'Maasin City'),
(55, 'Makati City'),
(56, 'Malabon City'),
(57, 'Malaybalay City'),
(58, 'Malolos City'),
(59, 'Malolos City'),
(60, 'Mandaluyong City'),
(61, 'Mandaue City'),
(62, 'Manila'),
(63, 'Maragondon'),
(64, 'Marawi City'),
(65, 'Masbate City'),
(66, 'Muntinlupa City'),
(67, 'Naga City'),
(68, 'Olongapo City'),
(69, 'Ormoc City'),
(70, 'Oroquieta City'),
(71, 'Ozamis City'),
(72, 'Pagadian City'),
(73, 'Palayan City'),
(75, 'Paranaque City'),
(76, 'Pasay City'),
(77, 'Pasig City'),
(78, 'Passi City'),
(79, 'Puerto Princesa City'),
(80, 'Quezon City'),
(81, 'Roxas City'),
(82, 'Sagay City'),
(83, 'San Carlos City, Neg'),
(84, 'San Carlos City, Pan'),
(85, 'San Fernando City, L'),
(86, 'San Fernando City, P'),
(87, 'San Jose City'),
(88, 'San Jose del Monte C'),
(89, 'San Pablo City'),
(90, 'Santa Rosa City'),
(91, 'Santiago City'),
(92, 'Mun City'),
(93, 'Silay City'),
(94, 'Sipalay City'),
(95, 'Sorsogon City'),
(96, 'Surigao City'),
(97, 'Tabaco City'),
(98, 'Tacloban City'),
(99, 'Tacurong City'),
(100, 'Tagaytay City'),
(101, 'Tagbilaran City'),
(102, 'Tagum City'),
(103, 'Talisay City, Cebu'),
(104, 'Talisay City, Negros'),
(105, 'Tanauan City'),
(106, 'Tangub City'),
(107, 'Tanjay City'),
(108, 'Tarlac City'),
(109, 'Taguig City'),
(110, 'Toledo City'),
(111, 'Trece Martires City'),
(112, 'Tuguegarao City'),
(113, 'Urdaneta City'),
(114, 'Valencia City'),
(115, 'Valenzuela City'),
(116, 'Victorias City'),
(117, 'Vigan City'),
(118, 'Zamboanga City');

-- --------------------------------------------------------

--
-- Table structure for table `establishments`
--

CREATE TABLE IF NOT EXISTS `establishments` (
  `id` int(11) NOT NULL AUTO_INCREMENT,
  `type` varchar(50) NOT NULL,
  PRIMARY KEY (`id`)
) ENGINE=InnoDB DEFAULT CHARSET=latin1 AUTO_INCREMENT=1 ;

-- --------------------------------------------------------

--
-- Table structure for table `locations`
--

CREATE TABLE IF NOT EXISTS `locations` (
  `id` int(11) NOT NULL AUTO_INCREMENT,
  `common_term` varchar(30) NOT NULL,
  `street` text NOT NULL,
  `city_id` int(11) NOT NULL,
  `province_id` int(11) NOT NULL,
  `region_id` int(11) NOT NULL,
  `zipcode_id` int(11) NOT NULL,
  PRIMARY KEY (`id`)
) ENGINE=InnoDB  DEFAULT CHARSET=latin1 AUTO_INCREMENT=8 ;

--
-- Dumping data for table `locations`
--

INSERT INTO `locations` (`id`, `common_term`, `street`, `city_id`, `province_id`, `region_id`, `zipcode_id`) VALUES
(5, 'Davao City', 'Palma Gil St, Poblacion District', 29, 8, 13, 2),
(6, 'Samal', 'Kaputian', 42, 5, 12, 2),
(7, 'Davao City', 'Abreeza Ayala Business Park, J.P. Laurel Avenue', 29, 4, 13, 1);

-- --------------------------------------------------------

--
-- Table structure for table `options`
--

CREATE TABLE IF NOT EXISTS `options` (
  `id` int(11) NOT NULL AUTO_INCREMENT,
  `option` varchar(20) NOT NULL,
  PRIMARY KEY (`id`)
) ENGINE=InnoDB  DEFAULT CHARSET=latin1 AUTO_INCREMENT=8 ;

--
-- Dumping data for table `options`
--

INSERT INTO `options` (`id`, `option`) VALUES
(1, 'eat'),
(2, 'stay'),
(3, 'drink'),
(4, 'unwind'),
(5, 'party'),
(6, 'buy souvenirs'),
(7, 'visit');

-- --------------------------------------------------------

--
-- Table structure for table `photos_slider`
--

CREATE TABLE IF NOT EXISTS `photos_slider` (
  `id` int(11) NOT NULL AUTO_INCREMENT,
  `site_id` int(11) NOT NULL,
  `image` text NOT NULL,
  `thumbnail` text NOT NULL,
  PRIMARY KEY (`id`)
) ENGINE=InnoDB  DEFAULT CHARSET=latin1 AUTO_INCREMENT=11 ;

--
-- Dumping data for table `photos_slider`
--

INSERT INTO `photos_slider` (`id`, `site_id`, `image`, `thumbnail`) VALUES
(1, 5, 'royalmandaya-1.jpg', 'royalmandaya-1-thumb.jpg'),
(2, 5, 'royalmandaya-2.jpg', 'royalmandaya-2-thumb.jpg'),
(3, 5, 'royalmandaya-3.jpg', 'royalmandaya-3-thumb.jpg'),
(4, 6, 'pearlfarm-1.jpg', 'pearlfarm-1-thumb.jpg'),
(5, 6, 'pearlfarm-2.jpg', 'pearlfarm-2-thumb.jpg'),
(6, 6, 'pearlfarm-3.jpg', 'pearlfarm-3-thumb.jpg'),
(8, 7, 'sedadavao-1.jpg', 'sedadavao-1-thumb.jpg'),
(9, 7, 'sedadavao-2.jpg', 'sedadavao-2-thumb.jpg'),
(10, 7, 'sedadavao-3.jpg', 'sedadavao-3-thumb.jpg');

-- --------------------------------------------------------

--
-- Table structure for table `provinces`
--

CREATE TABLE IF NOT EXISTS `provinces` (
  `id` int(11) NOT NULL AUTO_INCREMENT,
  `province_name` varchar(30) NOT NULL,
  PRIMARY KEY (`id`)
) ENGINE=InnoDB  DEFAULT CHARSET=latin1 AUTO_INCREMENT=9 ;

--
-- Dumping data for table `provinces`
--

INSERT INTO `provinces` (`id`, `province_name`) VALUES
(1, 'Palawan'),
(2, 'Aklan'),
(3, 'Bohol'),
(4, 'Davao del Sur'),
(5, 'Davao del Norte'),
(6, 'Davao Oriental'),
(7, 'Albay'),
(8, 'None');

-- --------------------------------------------------------

--
-- Table structure for table `regions`
--

CREATE TABLE IF NOT EXISTS `regions` (
  `id` int(11) NOT NULL AUTO_INCREMENT,
  `region_name` varchar(25) NOT NULL,
  `region_number` varchar(6) NOT NULL,
  PRIMARY KEY (`id`)
) ENGINE=InnoDB  DEFAULT CHARSET=latin1 AUTO_INCREMENT=18 ;

--
-- Dumping data for table `regions`
--

INSERT INTO `regions` (`id`, `region_name`, `region_number`) VALUES
(1, 'Autonomous Region in Musl', 'ARMM'),
(2, ' Bicol Region', 'V'),
(3, 'Cordillera Administrative', 'CAR'),
(4, 'Cagayan Valley', 'II'),
(5, 'SOCCSKSARGEN', 'XII'),
(6, 'Central Luzon', 'III'),
(7, 'Caraga', 'XIII'),
(8, 'Central Visayas', 'VII'),
(9, 'Eastern Visayas', 'VIII'),
(10, 'Ilocos Region', 'I'),
(11, 'National Capital Region', 'NCR'),
(12, 'Northern Mindanao', 'X'),
(13, 'Davao Region', 'XI'),
(14, 'Zamboanga Peninsula', 'IX'),
(15, 'Western Visayas', 'VI'),
(16, 'MIMAROPA', 'IV-B'),
(17, 'CALABARZON', 'IV-A');

-- --------------------------------------------------------

--
-- Table structure for table `services`
--

CREATE TABLE IF NOT EXISTS `services` (
  `id` int(11) NOT NULL AUTO_INCREMENT,
  `service_type` varchar(50) NOT NULL,
  PRIMARY KEY (`id`)
) ENGINE=InnoDB  DEFAULT CHARSET=latin1 AUTO_INCREMENT=5 ;

--
-- Dumping data for table `services`
--

INSERT INTO `services` (`id`, `service_type`) VALUES
(1, 'Resort'),
(2, 'Restaurant'),
(3, 'Coffee Shop'),
(4, 'Hotel');

-- --------------------------------------------------------

--
-- Table structure for table `sites`
--

CREATE TABLE IF NOT EXISTS `sites` (
  `id` int(11) NOT NULL AUTO_INCREMENT,
  `location_id` int(11) NOT NULL,
  `sites_option_id` int(11) NOT NULL,
  `featured` enum('yes','no') NOT NULL DEFAULT 'no',
  `name` varchar(30) NOT NULL,
  `short_summary` varchar(150) NOT NULL,
  `description` text NOT NULL,
  `image` varchar(50) NOT NULL,
  `cover_image` varchar(50) NOT NULL,
  `owner` varchar(50) NOT NULL,
  `friendly_url` varchar(40) NOT NULL,
  `price` varchar(30) NOT NULL,
  `booking_details` text NOT NULL,
  `cards_accepted` enum('yes','no') NOT NULL DEFAULT 'no',
  `wifi_ready` enum('yes','no') NOT NULL DEFAULT 'no',
  `working_hours` varchar(100) NOT NULL,
  `email` varchar(50) NOT NULL,
  `telephone_number` varchar(20) NOT NULL,
  `cellphone_number` varchar(30) NOT NULL,
  `website` varchar(100) NOT NULL,
  `map` text NOT NULL,
  PRIMARY KEY (`id`)
) ENGINE=InnoDB  DEFAULT CHARSET=latin1 AUTO_INCREMENT=8 ;

--
-- Dumping data for table `sites`
--

INSERT INTO `sites` (`id`, `location_id`, `sites_option_id`, `featured`, `name`, `short_summary`, `description`, `image`, `cover_image`, `owner`, `friendly_url`, `price`, `booking_details`, `cards_accepted`, `wifi_ready`, `working_hours`, `email`, `telephone_number`, `cellphone_number`, `website`, `map`) VALUES
(5, 5, 1, 'yes', 'Royal Mandaya Hotel', 'At The Royal Mandaya Hotel, it’s truly a royal experience.', 'Be awestruck by the cavalcade of views as you retreat in the cozy, luxurious villas and cottages of Pearl Farm Beach Resort. Offering reasonable rates, our accommodations cater to honeymooning couples, adventure-seeking families, leisure travelers, and business executives.\r\n\r\nAll suites and villas have a balcony that serves as a perfect spot from which to catch romantic views of the sunrise, sunset, and the calm sea. Each lodging in our beach resort in Samal Island has many handy amenities to give you the best comfort.', 'royalmandaya.jpg', 'royalmandaya-cover.jpg', 'Jackelyn Jose', 'royal-mandaya-hotel', 'P2100 to P12000', 'One older child or adult is charged PHP 819.67 per person per night in an extra bed.\r\nThe maximum number of extra beds in a room is 1.\r\nThere is no capacity for cribs in the room.\r\nAny type of extra bed or crib is upon request and needs to be confirmed by management.\r\nAdditional fees are not calculated automatically in the total cost and will have to be paid for separately during your stay.', 'no', 'no', 'Monday - Friday, 7AM to 10PM', 'admin@royalmandayahotel.com', '+63 82 285 0601', '+639 448 7641', 'http://www.royalmandayahotel.com', ''),
(6, 6, 2, 'yes', 'Pearl Farm Beach Resort', 'Samal Island in the Philippines has long been a jealously-guarded secret for citizens of nearby Davao City.', 'The 14-hectare Pearl Farm Resort was an actual working pearl farm years and years ago, until the owners saw the location''s potential as a beach retreat and acted on it.The landscape is set at a remove from the Davao City - ferry rides from the city to the resort take a good 40 minutes to make the crossing - but the resort makes the most out of the area''s relative seclusion and the unique local geography.', 'pearlfarm.jpg', 'pearlfarm-cover.jpg', 'Vin Petroleum', 'pearl-farm-beach-resort', 'P399 to P4000', '', 'no', 'no', '', '', '', '+639 089 8970', '', ''),
(7, 7, 3, 'no', 'Seda Abreeza Hotel Davao', 'Seda Abreeza’s interiors are sleek, clean and elegant.', 'Seda Abreeza offers 186 guestrooms for discerning travelers searching for the best hotels in Davao City, Southern Mindanao Island’s hub for commerce, tourism and industry. A key element of the upscale Abreeza mall, the hotel ushers guests to a world of unparalleled comfort and convenience, and reflects the city’s progress with cutting-edge features that include an e-lounge with a bank of iMacs at the lobby and complimentary Wi-Fi throughout the premises.', 'sedadavao.jpg', 'sedadavao-cover.jpg', 'Paul Runner', 'seda-abreeza-davao', 'PHP 3,650.00 to PHP 7,900.00', 'All rooms have:\r\n<br>40-inch LED HDTV with cable channels\r\n<br>Media panel with HDMI, USB and A/V connectivity\r\n<br>Speaker Phone with iPod dock and FM Stereo\r\n<br>Executive Writing Desk\r\n<br>Complimentary Wi-Fi\r\n<br>Voice Mail\r\n<br>Alarm Clock\r\n<br>Coffee & tea making facilities\r\n<br>Minibar\r\n<br>Hair Dryer', 'no', 'no', '', '', '', '+639 147 8713', '', '');

-- --------------------------------------------------------

--
-- Table structure for table `sites_options`
--

CREATE TABLE IF NOT EXISTS `sites_options` (
  `id` int(11) NOT NULL AUTO_INCREMENT,
  `site_id` int(11) NOT NULL,
  `option_id` int(11) NOT NULL,
  PRIMARY KEY (`id`)
) ENGINE=InnoDB  DEFAULT CHARSET=latin1 AUTO_INCREMENT=7 ;

--
-- Dumping data for table `sites_options`
--

INSERT INTO `sites_options` (`id`, `site_id`, `option_id`) VALUES
(1, 5, 1),
(2, 5, 2),
(3, 6, 3),
(4, 6, 4),
(5, 7, 5),
(6, 7, 7);

-- --------------------------------------------------------

--
-- Table structure for table `sites_services`
--

CREATE TABLE IF NOT EXISTS `sites_services` (
  `id` int(11) NOT NULL AUTO_INCREMENT,
  `site_id` int(11) NOT NULL,
  `service_id` int(11) NOT NULL,
  PRIMARY KEY (`id`)
) ENGINE=InnoDB  DEFAULT CHARSET=latin1 AUTO_INCREMENT=6 ;

--
-- Dumping data for table `sites_services`
--

INSERT INTO `sites_services` (`id`, `site_id`, `service_id`) VALUES
(1, 5, 1),
(2, 5, 2),
(3, 6, 1),
(4, 6, 3),
(5, 7, 3);

-- --------------------------------------------------------

--
-- Table structure for table `zip_codes`
--

CREATE TABLE IF NOT EXISTS `zip_codes` (
  `id` int(11) NOT NULL AUTO_INCREMENT,
  `code` varchar(5) NOT NULL,
  PRIMARY KEY (`id`)
) ENGINE=InnoDB  DEFAULT CHARSET=latin1 AUTO_INCREMENT=3 ;

--
-- Dumping data for table `zip_codes`
--

INSERT INTO `zip_codes` (`id`, `code`) VALUES
(1, '8000'),
(2, '8119');

/*!40101 SET CHARACTER_SET_CLIENT=@OLD_CHARACTER_SET_CLIENT */;
/*!40101 SET CHARACTER_SET_RESULTS=@OLD_CHARACTER_SET_RESULTS */;
/*!40101 SET COLLATION_CONNECTION=@OLD_COLLATION_CONNECTION */;
